tcNo,Run,compareType,refFilePath,refPagenum,refX,refY,refW,refH,srcFilePath,srcPagenum,srcX,srcY,srcW,srcH,rmvWhiteSpace,ExactMatch,showvisual,printConfig,RefTextFile,refText
TC091,TRUE,PDF2PageKeyM,C:\Demo\Source\FC form_Baseline.pdf,,55,743,40,15,C:\Demo\Source\FC form Output PDF.pdf,,50,733,40,15,FALSE,TRUE,TRUE,TRUE,,
TC092,TRUE,PDF2PageKey,C:\Demo\Source\FC form_Baseline.pdf,1,55,743,40,15,C:\Demo\Source\FC form Output PDF.pdf,1,50,733,40,15,FALSE,TRUE,TRUE,TRUE,,
TC093,TRUE,PDF2PageKeyM,C:\Demo\Source\FC form Output PDF.pdf,,55,743,40,15,C:\Demo\Source\FC form_Baseline.pdf,,55,743,40,15,FALSE,TRUE,TRUE,TRUE,,
TC094,TRUE,PDF2PageKey,C:\Demo\Source\FC form Output PDF.pdf,1,55,743,40,15,C:\Demo\Source\FC form_Baseline.pdf,1,55,743,40,15,FALSE,TRUE,TRUE,TRUE,,
TC095,TRUE,PDF2PageKeyM,C:\Demo\Source\FC form_Baseline.pdf,,55,743,40,15,C:\Demo\Source\FC form Output PDF.pdf,,50,733,40,15,FALSE,TRUE,TRUE,TRUE,,
TC096,TRUE,PDF2PageKey,C:\Demo\Source\FC form_Baseline.pdf,1,55,743,40,15,C:\Demo\Source\FC form Output PDF.pdf,1,50,733,40,15,FALSE,TRUE,TRUE,TRUE,,
TC097,TRUE,PDF2PageKeyM,C:\Demo\Source\FC form Output PDF.pdf,,55,743,40,15,C:\Demo\Source\FC form_Baseline.pdf,,55,743,40,15,FALSE,TRUE,TRUE,TRUE,,
TC094,TRUE,PDF2PageKey,C:\Demo\Source\FC form Output PDF.pdf,1,55,743,40,15,C:\Demo\Source\FC form_Baseline.pdf,1,55,743,40,15,FALSE,TRUE,TRUE,TRUE,,
TC001,TRUE,PDF2PDF,C:\Demo\Reference\formalLetter.pdf,,,,,,C:\Demo\Source\formalLetter.pdf,,,,,,TRUE,FALSE,TRUE,TRUE,,
TC002,TRUE,PDF2PDF,C:\Demo\Reference\formalLetter.pdf,,,,,,C:\Demo\Source\formalLetter.pdf,,,,,,TRUE,TRUE,TRUE,TRUE,,
TC003,TRUE,PDF2PDF,C:\Demo\Reference\formalLetter.pdf,,,,,,C:\Demo\Source\formalLetter.pdf,,,,,,FALSE,TRUE,TRUE,TRUE,,
TC004,TRUE,PDF2PDF,C:\Demo\Reference\formalLetter.pdf,,,,,,C:\Demo\Source\formalLetter.pdf,,,,,,FALSE,FALSE,TRUE,TRUE,,
TC005,TRUE,PDF2Page,C:\Demo\Reference\formalLetter.pdf,1,,,,,C:\Demo\Source\formalLetter.pdf,1,,,,,TRUE,FALSE,TRUE,TRUE,,
TC006,TRUE,PDF2Page,C:\Demo\Reference\formalLetter.pdf,1,,,,,C:\Demo\Source\formalLetter.pdf,1,,,,,TRUE,TRUE,TRUE,TRUE,,
TC007,TRUE,PDF2Page,C:\Demo\Reference\formalLetter.pdf,1,,,,,C:\Demo\Source\formalLetter.pdf,1,,,,,FALSE,TRUE,TRUE,TRUE,,
TC008,TRUE,PDF2Page,C:\Demo\Reference\formalLetter.pdf,1,,,,,C:\Demo\Source\formalLetter.pdf,1,,,,,FALSE,FALSE,TRUE,TRUE,,
TC009,TRUE,PDF2PageAny,C:\Demo\Reference\formalLetter.pdf,1,,,,,C:\Demo\Source\formalLetter.pdf,1,,,,,TRUE,FALSE,TRUE,TRUE,,
TC010,TRUE,PDF2PageAny,C:\Demo\Reference\formalLetter.pdf,1,,,,,C:\Demo\Source\formalLetter.pdf,1,,,,,TRUE,TRUE,TRUE,TRUE,,
TC011,TRUE,PDF2PageAny,C:\Demo\Reference\formalLetter.pdf,1,,,,,C:\Demo\Source\formalLetter.pdf,1,,,,,FALSE,TRUE,TRUE,TRUE,,
TC012,TRUE,PDF2PageAny,C:\Demo\Reference\formalLetter.pdf,1,,,,,C:\Demo\Source\formalLetter.pdf,1,,,,,FALSE,FALSE,TRUE,TRUE,,
TC013,TRUE,PDF2PageKey,C:\Demo\Reference\formalLetter.pdf,1,0,50,0,50,C:\Demo\Source\formalLetter.pdf,1,0,50,0,50,TRUE,FALSE,TRUE,TRUE,,
TC014,TRUE,PDF2PageKey,C:\Demo\Reference\formalLetter.pdf,1,0,50,0,50,C:\Demo\Source\formalLetter.pdf,1,0,50,0,50,TRUE,TRUE,TRUE,TRUE,,
TC015,TRUE,PDF2PageKey,C:\Demo\Reference\formalLetter.pdf,1,0,50,0,50,C:\Demo\Source\formalLetter.pdf,1,0,50,0,50,FALSE,TRUE,TRUE,TRUE,,
TC016,TRUE,PDF2PageKey,C:\Demo\Reference\formalLetter.pdf,1,0,50,0,50,C:\Demo\Source\formalLetter.pdf,1,0,50,0,50,FALSE,FALSE,TRUE,TRUE,,
TC017,TRUE,PDF2PageAnyM,C:\Demo\Reference\formalLetter.pdf,,0,50,0,50,C:\Demo\Source\formalLetter.pdf,,0,50,0,50,FALSE,TRUE,TRUE,TRUE,,
TC018,TRUE,PDF2PageKeyM,C:\Demo\Reference\formalLetter.pdf,,0,50,0,50,C:\Demo\Source\formalLetter.pdf,,0,50,0,50,FALSE,TRUE,TRUE,TRUE,,
TC017-1,TRUE,PDF2PageAnyM,C:\Demo\Reference\formalLetter.pdf,,0,50,100,50,C:\Demo\Source\formalLetter.pdf,,0,50,100,50,TRUE,TRUE,TRUE,TRUE,,
TC018-2,TRUE,PDF2PageKeyM,C:\Demo\Reference\formalLetter.pdf,,0,50,100,50,C:\Demo\Source\formalLetter.pdf,,0,50,100,50,TRUE,TRUE,TRUE,TRUE,,
TC019,TRUE,PDF2Region,C:\Demo\Reference\formalLetter.pdf,1,0,50,0,50,C:\Demo\Source\formalLetter.pdf,1,0,50,0,50,TRUE,FALSE,TRUE,TRUE,,
TC020,TRUE,PDF2Region,C:\Demo\Reference\formalLetter.pdf,1,0,50,0,50,C:\Demo\Source\formalLetter.pdf,1,0,50,0,50,TRUE,TRUE,TRUE,TRUE,,
TC021,TRUE,PDF2Region,C:\Demo\Reference\formalLetter.pdf,1,0,50,0,50,C:\Demo\Source\formalLetter.pdf,1,0,50,0,50,FALSE,TRUE,TRUE,TRUE,,
TC022,TRUE,PDF2Region,C:\Demo\Reference\formalLetter.pdf,1,0,50,0,50,C:\Demo\Source\formalLetter.pdf,1,0,50,0,50,FALSE,FALSE,TRUE,TRUE,,
TC023,TRUE,PDF2RegionAny,C:\Demo\Reference\formalLetter.pdf,,,,,,C:\Demo\Source\formalLetter.pdf,1,0,50,0,50,TRUE,FALSE,TRUE,TRUE,,
TC024,TRUE,PDF2RegionAny,C:\Demo\Reference\formalLetter.pdf,,,,,,C:\Demo\Source\formalLetter.pdf,1,0,50,0,50,TRUE,TRUE,TRUE,TRUE,,
TC025,TRUE,PDF2RegionAny,C:\Demo\Reference\formalLetter.pdf,,,,,,C:\Demo\Source\formalLetter.pdf,1,0,50,0,50,FALSE,TRUE,TRUE,TRUE,,
TC026,TRUE,PDF2RegionAny,C:\Demo\Reference\formalLetter.pdf,,,,,,C:\Demo\Source\formalLetter.pdf,1,0,50,0,50,FALSE,FALSE,TRUE,TRUE,,
TC027,TRUE,TXT2PDF,,,,,,,C:\Demo\Source\formalLetter.pdf,,,,,,TRUE,FALSE,TRUE,TRUE,C:\Demo\TestCase\reftext.txt,Jazz
TC028,TRUE,TXT2PDF,,,,,,,C:\Demo\Source\formalLetter.pdf,,,,,,TRUE,TRUE,TRUE,TRUE,C:\Demo\TestCase\reftext.txt,Jazz
TC029,TRUE,TXT2PDF,,,,,,,C:\Demo\Source\formalLetter.pdf,,,,,,FALSE,TRUE,TRUE,TRUE,C:\Demo\TestCase\reftext.txt,Jazz
TC030,TRUE,TXT2PDF,,,,,,,C:\Demo\Source\formalLetter.pdf,,,,,,FALSE,FALSE,TRUE,TRUE,C:\Demo\TestCase\reftext.txt,Jazz
TC031,TRUE,TXT2PDFPage,,,,,,,C:\Demo\Source\formalLetter.pdf,1,,,,,TRUE,FALSE,TRUE,TRUE,,Jazz
TC032,TRUE,TXT2PDFPage,,,,,,,C:\Demo\Source\formalLetter.pdf,1,,,,,TRUE,TRUE,TRUE,TRUE,,Jazz
TC033,TRUE,TXT2PDFPage,,,,,,,C:\Demo\Source\formalLetter.pdf,1,,,,,FALSE,TRUE,TRUE,TRUE,,Jazz
TC034,TRUE,TXT2PDFPage,,,,,,,C:\Demo\Source\formalLetter.pdf,1,,,,,FALSE,FALSE,TRUE,TRUE,,Jazz
TC035,TRUE,TXT2PDFPageAny,,,,,,,C:\Demo\Source\formalLetter.pdf,1,,,,,TRUE,FALSE,TRUE,TRUE,,Jazz
TC036,TRUE,TXT2PDFPageAny,,,,,,,C:\Demo\Source\formalLetter.pdf,1,,,,,TRUE,TRUE,TRUE,TRUE,,Jazz
TC037,TRUE,TXT2PDFPageAny,,,,,,,C:\Demo\Source\formalLetter.pdf,1,,,,,FALSE,TRUE,TRUE,TRUE,,Jazz
TC038,TRUE,TXT2PDFPageAny,,,,,,,C:\Demo\Source\formalLetter.pdf,1,,,,,FALSE,FALSE,TRUE,TRUE,,Jazz
TC039,TRUE,TXT2PDFRegion,,,,,,,C:\Demo\Source\formalLetter.pdf,1,0,50,0,50,TRUE,FALSE,TRUE,TRUE,,Jazz
TC040,TRUE,TXT2PDFRegion,,,,,,,C:\Demo\Source\formalLetter.pdf,1,0,50,0,50,TRUE,TRUE,TRUE,TRUE,,Jazz
TC041,TRUE,TXT2PDFRegion,,,,,,,C:\Demo\Source\formalLetter.pdf,1,0,50,0,50,FALSE,TRUE,TRUE,TRUE,,Jazz
TC042,TRUE,TXT2PDFRegion,,,,,,,C:\Demo\Source\formalLetter.pdf,1,0,50,0,50,FALSE,FALSE,TRUE,TRUE,,Jazz
